Time, hxTrue x, hxTrue y, hxDr x, hxDr y, hxEst x, hxEst y
0.100000, 0.000000, 0.000000, 0.016294, 0.000000, 0.029236, 0.000000
0.200000, 0.000000, 0.000000, 0.022167, 0.000011, 0.048817, 0.003292
0.300000, 0.000000, 0.000000, 0.024471, 0.000022, 0.064109, 0.000926
0.400000, 0.000000, 0.000000, 0.035251, 0.000108, 0.083447, -0.000724
0.500000, 0.000000, 0.000000, 0.034312, 0.000096, 0.087056, -0.002357
0.600000, 0.000000, 0.000000, 0.040192, 0.000183, 0.099141, 0.000157
0.700000, 0.000000, 0.000000, 0.070091, 0.000815, 0.133658, 0.000659
0.800000, 0.000000, 0.000000, 0.057700, 0.000466, 0.128414, -0.000702
0.900000, 0.000000, 0.000000, 0.060870, 0.000567, 0.137331, 0.001659
1.000000, 0.000000, 0.000000, 0.070993, 0.000854, 0.147244, 0.001748
1.100000, 0.000000, 0.000000, 0.077478, 0.001068, 0.161651, 0.001842
1.200000, 0.000000, 0.000000, 0.079451, 0.001139, 0.170231, 0.000872
1.300000, 0.000000, 0.000000, 0.079283, 0.001132, 0.175757, 0.002125
1.400000, 0.000000, 0.000000, 0.092872, 0.001702, 0.198217, 0.002662
1.500000, 0.000000, 0.000000, 0.099201, 0.001994, 0.209655, 0.003424
1.600000, 0.000000, 0.000000, 0.115984, 0.002849, 0.236843, 0.005031
1.700000, 0.000000, 0.000000, 0.115396, 0.002817, 0.240217, 0.005511
1.800000, 0.000000, 0.000000, 0.130672, 0.003662, 0.265438, 0.006389
1.900000, 0.000000, 0.000000, 0.131927, 0.003738, 0.284717, 0.008385
2.000000, 0.000000, 0.000000, 0.142690, 0.004418, 0.295916, 0.008838
2.100000, 0.000000, 0.000000, 0.147061, 0.004697, 0.312482, 0.009308
2.200000, 0.000000, 0.000000, 0.157672, 0.005368, 0.331618, 0.010161
2.300000, 0.000000, 0.000000, 0.168892, 0.006054, 0.344892, 0.010220
2.400000, 0.000000, 0.000000, 0.190458, 0.007361, 0.372767, 0.011760
2.500000, 0.000000, 0.000000, 0.204358, 0.008282, 0.404436, 0.013046
2.600000, 0.000000, 0.000000, 0.204427, 0.008287, 0.400680, 0.012921
2.700000, 0.000000, 0.000000, 0.203621, 0.008230, 0.372587, 0.014313
2.799999, 0.000000, 0.000000, 0.213400, 0.008968, 0.384111, 0.015598
2.899999, 0.000000, 0.000000, 0.227089, 0.010037, 0.404160, 0.017275
2.999999, 0.100000, 0.000000, 0.333778, 0.018422, 0.512491, 0.025227
3.099999, 0.199995, 0.001000, 0.417721, 0.025436, 0.598068, 0.031930
3.199999, 0.299975, 0.003000, 0.524053, 0.035644, 0.711063, 0.042389
3.299999, 0.399930, 0.005999, 0.632676, 0.047917, 0.824336, 0.054478
3.399999, 0.499850, 0.009998, 0.735120, 0.061228, 0.978738, 0.064148
3.499999, 0.599725, 0.014996, 0.839378, 0.076416, 1.090688, 0.080232
3.599999, 0.699545, 0.020993, 0.950059, 0.093885, 1.203100, 0.098349
3.699999, 0.799300, 0.027987, 1.047480, 0.110915, 1.304573, 0.116286
3.799999, 0.898980, 0.035978, 1.159347, 0.132252, 1.418645, 0.137479
3.899998, 0.998576, 0.044966, 1.254118, 0.151292, 1.508724, 0.154450
3.999998, 1.098076, 0.054950, 1.346312, 0.170637, 1.595266, 0.165863
4.099998, 1.197472, 0.065927, 1.456368, 0.195380, 1.697235, 0.179646
4.199998, 1.296753, 0.077899, 1.553850, 0.219108, 1.789043, 0.192749
4.299998, 1.395909, 0.090862, 1.651742, 0.243714, 1.878856, 0.208045
4.399998, 1.494930, 0.104816, 1.753076, 0.270407, 2.010922, 0.242284
4.499998, 1.593807, 0.119760, 1.868496, 0.301360, 2.136291, 0.263313
4.599998, 1.692530, 0.135692, 1.969346, 0.329670, 2.242961, 0.282427
4.699998, 1.791088, 0.152610, 2.075816, 0.361564, 2.349216, 0.304030
4.799998, 1.889473, 0.170513, 2.177830, 0.393480, 2.456949, 0.328325
4.899998, 1.987673, 0.189399, 2.290456, 0.429734, 2.576036, 0.356810
4.999998, 2.085680, 0.209266, 2.402923, 0.467652, 2.695537, 0.367828
5.099998, 2.183483, 0.230112, 2.488535, 0.497625, 2.790708, 0.393633
5.199997, 2.281073, 0.251935, 2.593693, 0.536456, 2.901628, 0.425829
5.299997, 2.378439, 0.274733, 2.699034, 0.577135, 3.014812, 0.459768
5.399997, 2.475573, 0.298503, 2.812382, 0.623020, 3.140980, 0.499045
5.499997, 2.572464, 0.323243, 2.910472, 0.664383, 3.246972, 0.532882
5.599997, 2.669103, 0.348952, 3.013088, 0.709250, 3.330530, 0.578022
5.699997, 2.765481, 0.375625, 3.119257, 0.757443, 3.443424, 0.622754
5.799997, 2.861586, 0.403260, 3.230576, 0.810365, 3.554727, 0.667285
5.899997, 2.957411, 0.431855, 3.318537, 0.853295, 3.645351, 0.703982
5.999997, 3.052944, 0.461407, 3.425152, 0.906955, 3.748250, 0.759211
6.099997, 3.148178, 0.491913, 3.516227, 0.954840, 3.848280, 0.803125
6.199996, 3.243101, 0.523370, 3.607172, 1.004432, 3.947300, 0.848923
6.299996, 3.337705, 0.555774, 3.698593, 1.055784, 4.047066, 0.896596
6.399996, 3.431981, 0.589123, 3.778990, 1.102667, 4.135107, 0.940364
6.499996, 3.525918, 0.623413, 3.869889, 1.156647, 4.246129, 0.997487
6.599996, 3.619508, 0.658640, 3.954637, 1.208767, 4.335263, 1.045585
6.699996, 3.712740, 0.694802, 4.053597, 1.271702, 4.439077, 1.102123
6.799996, 3.805607, 0.731894, 4.148299, 1.333486, 4.537781, 1.156563
6.899996, 3.898098, 0.769913, 4.233570, 1.390655, 4.610988, 1.191652
6.999996, 3.990204, 0.808854, 4.313177, 1.445649, 4.701581, 1.244222
7.099996, 4.081916, 0.848715, 4.397448, 1.505445, 4.796802, 1.301121
7.199996, 4.173225, 0.889491, 4.494126, 1.575269, 4.900594, 1.363972
7.299995, 4.264122, 0.931178, 4.586109, 1.643976, 5.017276, 1.434406
7.399995, 4.354597, 0.973772, 4.674609, 1.712137, 5.110381, 1.491917
7.499995, 4.444641, 1.017269, 4.748258, 1.771057, 5.187814, 1.541932
7.599995, 4.534246, 1.061664, 4.837088, 1.844041, 5.282490, 1.606097
7.699995, 4.623403, 1.106952, 4.908717, 1.904901, 5.355555, 1.658405
7.799995, 4.712102, 1.153130, 4.995194, 1.980842, 5.410872, 1.699385
7.899995, 4.800336, 1.200193, 5.072303, 2.050713, 5.493445, 1.758606
7.999995, 4.888094, 1.248135, 5.159376, 2.131266, 5.588714, 1.830028
8.099995, 4.975368, 1.296953, 5.235156, 2.202784, 5.665833, 1.890054
8.199995, 5.062150, 1.346641, 5.317467, 2.282980, 5.765788, 1.966593
8.299995, 5.148431, 1.397194, 5.391980, 2.358230, 5.845846, 2.029161
8.399996, 5.234202, 1.448608, 5.466936, 2.435945, 5.928823, 2.094085
8.499996, 5.319455, 1.500876, 5.543639, 2.518186, 6.022968, 2.182069
8.599997, 5.404180, 1.553995, 5.615241, 2.597561, 6.101293, 2.253104
8.699997, 5.488370, 1.607958, 5.687216, 2.678681, 6.185171, 2.330471
8.799997, 5.572016, 1.662761, 5.758814, 2.762141, 6.267553, 2.408144
8.899998, 5.655110, 1.718397, 5.820406, 2.835101, 6.307744, 2.458073
8.999998, 5.737644, 1.774861, 5.880684, 2.908523, 6.387444, 2.537739
9.099998, 5.819609, 1.832148, 5.944302, 2.987654, 6.468354, 2.618984
9.199999, 5.900997, 1.890251, 6.014764, 3.077917, 6.558940, 2.711246
9.299999, 5.981800, 1.949165, 6.086199, 3.172214, 6.650708, 2.804965
9.400000, 6.062009, 2.008885, 6.150052, 3.259376, 6.722923, 2.885008
9.500000, 6.141618, 2.069403, 6.206380, 3.339016, 6.787665, 2.959779
9.600000, 6.220617, 2.130715, 6.271041, 3.432244, 6.867594, 3.051434
9.700001, 6.298999, 2.192814, 6.337483, 3.530577, 6.971525, 3.162558
9.800001, 6.376756, 2.255693, 6.398030, 3.623328, 7.047030, 3.251890
9.900002, 6.453881, 2.319347, 6.457580, 3.716927, 7.115972, 3.335763
10.000002, 6.530365, 2.383768, 6.515555, 3.811216, 7.184997, 3.422678
10.100002, 6.606201, 2.448952, 6.565963, 3.895162, 7.246907, 3.507350
10.200003, 6.681382, 2.514890, 6.621341, 3.990886, 7.315589, 3.602801
10.300003, 6.755899, 2.581577, 6.672267, 4.081351, 7.377493, 3.691897
10.400003, 6.829746, 2.649006, 6.724607, 4.178095, 7.444151, 3.787872
10.500004, 6.902915, 2.717170, 6.774573, 4.274153, 7.502998, 3.883875
10.600004, 6.975398, 2.786062, 6.820453, 4.365875, 7.560686, 3.974304
10.700005, 7.047189, 2.855675, 6.865997, 4.459373, 7.618832, 4.065103
10.800005, 7.118280, 2.926003, 6.917523, 4.566789, 7.703218, 4.191000
10.900005, 7.188665, 2.997039, 6.956331, 4.649070, 7.756446, 4.276979
11.000006, 7.258336, 3.068774, 7.000061, 4.743415, 7.817016, 4.374890
11.100006, 7.327285, 3.141203, 7.045945, 4.845342, 7.880667, 4.480881
11.200006, 7.395507, 3.214318, 7.087864, 4.943091, 7.933450, 4.574257
11.300007, 7.462995, 3.288111, 7.120946, 5.022039, 7.990742, 4.674196
11.400007, 7.529741, 3.362575, 7.158959, 5.114087, 8.038243, 4.760108
11.500008, 7.595740, 3.437703, 7.199458, 5.216498, 8.088991, 4.853771
11.600008, 7.660984, 3.513487, 7.235459, 5.308573, 8.139727, 4.945156
11.700008, 7.725466, 3.589920, 7.274779, 5.412052, 8.185417, 5.015745
11.800009, 7.789181, 3.666994, 7.305357, 5.494648, 8.231179, 5.100076
11.900009, 7.852122, 3.744701, 7.344476, 5.602277, 8.288755, 5.207397
12.000010, 7.914283, 3.823034, 7.375677, 5.691933, 8.338527, 5.303779
12.100010, 7.975658, 3.901984, 7.412354, 5.799925, 8.392196, 5.409031
12.200010, 8.036240, 3.981544, 7.446094, 5.903526, 8.440300, 5.507697
12.300011, 8.096023, 4.061706, 7.478043, 6.004668, 8.499533, 5.616279
12.400011, 8.155002, 4.142462, 7.509829, 6.108430, 8.545283, 5.712414
12.500011, 8.213170, 4.223804, 7.540397, 6.214345, 8.591685, 5.813349
12.600012, 8.270522, 4.305723, 7.569082, 6.318654, 8.638024, 5.915310
12.700012, 8.327052, 4.388211, 7.595591, 6.420810, 8.687399, 6.022574
12.800013, 8.382754, 4.471261, 7.619025, 6.517712, 8.729119, 6.115899
12.900013, 8.437623, 4.554863, 7.644389, 6.625842, 8.773530, 6.215889
13.000013, 8.491653, 4.639010, 7.670713, 6.741893, 8.825148, 6.333574
13.100014, 8.544840, 4.723693, 7.691627, 6.838991, 8.876033, 6.453755
13.200014, 8.597177, 4.808904, 7.711461, 6.937256, 8.916094, 6.552456
13.300014, 8.648659, 4.894634, 7.731642, 7.042037, 8.962197, 6.665323
13.400015, 8.699281, 4.980875, 7.749742, 7.144048, 8.982895, 6.758686
13.500015, 8.749038, 5.067617, 7.765540, 7.245625, 9.017836, 6.864744
13.600016, 8.797925, 5.154852, 7.779683, 7.345524, 9.048889, 6.963445
13.700016, 8.845938, 5.242572, 7.792862, 7.448785, 9.078866, 7.061837
13.800016, 8.893070, 5.330768, 7.802979, 7.536794, 9.076670, 7.089596
13.900017, 8.939319, 5.419431, 7.811436, 7.616437, 9.099434, 7.170213
14.000017, 8.984678, 5.508552, 7.822237, 7.727829, 9.131142, 7.287491
14.100018, 9.029144, 5.598122, 7.830265, 7.823630, 9.155852, 7.384955
14.200018, 9.072713, 5.688132, 7.836700, 7.915338, 9.182184, 7.497248
14.300018, 9.115379, 5.778573, 7.843167, 8.023687, 9.206482, 7.607572
14.400019, 9.157139, 5.869436, 7.848551, 8.139946, 9.230686, 7.725622
14.500019, 9.197988, 5.960712, 7.852073, 8.240849, 9.249176, 7.819795
14.600019, 9.237922, 6.052392, 7.854803, 8.352038, 9.297708, 8.046802
14.700020, 9.276937, 6.144467, 7.856078, 8.463490, 9.322500, 8.177621
14.800020, 9.315029, 6.236928, 7.856278, 8.578755, 9.346631, 8.303202
14.900021, 9.352195, 6.329765, 7.854966, 8.688663, 9.378618, 8.443904
15.000021, 9.388431, 6.422969, 7.852384, 8.802234, 9.402215, 8.569915
15.100021, 9.423733, 6.516531, 7.848697, 8.910838, 9.422310, 8.683180
15.200022, 9.458097, 6.610440, 7.843640, 9.015100, 9.426799, 8.793202
15.300022, 9.491521, 6.704689, 7.836454, 9.128120, 9.441146, 8.914169
15.400023, 9.524000, 6.799267, 7.827859, 9.240106, 9.454250, 9.035568
15.500023, 9.555532, 6.894166, 7.819223, 9.335573, 9.465623, 9.134304
15.600023, 9.586114, 6.989375, 7.810133, 9.423633, 9.472410, 9.232470
15.700024, 9.615742, 7.084885, 7.798135, 9.527884, 9.478637, 9.341982
15.800024, 9.644413, 7.180686, 7.784956, 9.635721, 9.484203, 9.452587
15.900024, 9.672125, 7.276770, 7.771918, 9.733324, 9.482981, 9.553522
16.000025, 9.698874, 7.373126, 7.755922, 9.839761, 9.484285, 9.668227
16.100025, 9.724660, 7.469744, 7.738544, 9.947357, 9.483693, 9.785995
16.200026, 9.749477, 7.566616, 7.718604, 10.062786, 9.487198, 9.942958
16.300026, 9.773325, 7.663731, 7.698742, 10.169414, 9.488966, 10.056180
16.400026, 9.796201, 7.761079, 7.679696, 10.265862, 9.489889, 10.163040
16.500027, 9.818102, 7.858651, 7.659544, 10.360829, 9.492984, 10.277916
16.600027, 9.839025, 7.956438, 7.636334, 10.462516, 9.490812, 10.378895
16.700027, 9.858971, 8.054428, 7.613688, 10.556946, 9.487766, 10.483559
16.800028, 9.877934, 8.152614, 7.587352, 10.658910, 9.484743, 10.606729
16.900028, 9.895916, 8.250983, 7.559326, 10.760824, 9.476489, 10.709003
17.000029, 9.912912, 8.349528, 7.524464, 10.879108, 9.465148, 10.827677
17.100029, 9.928923, 8.448238, 7.493631, 10.979343, 9.454721, 10.927609
17.200029, 9.943945, 8.547104, 7.459743, 11.085977, 9.443949, 11.095396
17.300030, 9.957978, 8.646114, 7.426155, 11.188120, 9.433479, 11.202194
17.400030, 9.971021, 8.745260, 7.392510, 11.285933, 9.422106, 11.305723
17.500031, 9.983071, 8.844531, 7.361579, 11.372688, 9.413265, 11.393745
17.600031, 9.994128, 8.943918, 7.324080, 11.473832, 9.396592, 11.502262
17.700031, 10.004190, 9.043410, 7.285776, 11.573895, 9.379684, 11.601501
17.800032, 10.013258, 9.142999, 7.242912, 11.682803, 9.359455, 11.721352
17.900032, 10.021329, 9.242673, 7.206380, 11.773522, 9.337815, 11.852972
18.000032, 10.028402, 9.342422, 7.166598, 11.869828, 9.316637, 11.958635
18.100033, 10.034478, 9.442238, 7.124735, 11.967067, 9.292703, 12.070266
18.200033, 10.039556, 9.542109, 7.080861, 12.062848, 9.268564, 12.168433
18.300034, 10.043634, 9.642025, 7.039076, 12.150716, 9.254205, 12.220897
18.400034, 10.046714, 9.741978, 6.992346, 12.245709, 9.228446, 12.319174
18.500034, 10.048794, 9.841956, 6.951756, 12.326579, 9.204859, 12.401324
18.600035, 10.049873, 9.941950, 6.906322, 12.413913, 9.177594, 12.490783
18.700035, 10.049953, 10.041950, 6.854421, 12.510280, 9.145425, 12.577755
18.800035, 10.049033, 10.141946, 6.798171, 12.612466, 9.110886, 12.692819
18.900036, 10.047113, 10.241927, 6.742308, 12.711201, 9.074581, 12.810270
19.000036, 10.044193, 10.341885, 6.697677, 12.787651, 9.047189, 12.892486
19.100037, 10.040274, 10.441808, 6.638792, 12.886175, 8.997798, 13.013866
19.200037, 10.035356, 10.541687, 6.588499, 12.967841, 8.963505, 13.108609
19.300037, 10.029439, 10.641512, 6.533538, 13.054170, 8.923597, 13.217089
19.400038, 10.022524, 10.741273, 6.486307, 13.126107, 8.890491, 13.241024
19.500038, 10.014612, 10.840960, 6.428519, 13.210760, 8.843732, 13.350775
19.600039, 10.005704, 10.940562, 6.374961, 13.287186, 8.799798, 13.449635
19.700039, 9.995800, 11.040071, 6.318201, 13.366351, 8.761832, 13.471863
19.800039, 9.984901, 11.139475, 6.258450, 13.447656, 8.720923, 13.544576
19.900040, 9.973009, 11.238766, 6.193239, 13.534792, 8.687497, 13.604727
20.000040, 9.960125, 11.337933, 6.117311, 13.633601, 8.633211, 13.713247
20.100040, 9.946250, 11.436965, 6.050465, 13.718407, 8.582417, 13.811293
20.200041, 9.931385, 11.535854, 5.984908, 13.799267, 8.555137, 13.857688
20.300041, 9.915532, 11.634590, 5.917562, 13.879825, 8.498813, 13.960168
20.400042, 9.898692, 11.733162, 5.838963, 13.971546, 8.433028, 14.080271
20.500042, 9.880868, 11.831560, 5.767340, 14.052998, 8.348049, 14.259954
20.600042, 9.862061, 11.929775, 5.697505, 14.129769, 8.294033, 14.349177
20.700043, 9.842272, 12.027798, 5.628167, 14.203201, 8.236638, 14.440473
20.800043, 9.821504, 12.125617, 5.545748, 14.288041, 8.154925, 14.571460
20.900043, 9.799759, 12.223224, 5.471618, 14.362067, 8.089437, 14.670953
21.000044, 9.777039, 12.320608, 5.398094, 14.432951, 8.026995, 14.762341
21.100044, 9.753345, 12.417761, 5.328880, 14.498545, 7.965742, 14.849430
21.200045, 9.728683, 12.514671, 5.244664, 14.576039, 7.895619, 14.954267
21.300045, 9.703052, 12.611331, 5.172071, 14.641211, 7.833279, 15.039764
21.400045, 9.676455, 12.707729, 5.085153, 14.717055, 7.758686, 15.141459
21.500046, 9.648896, 12.803857, 4.996859, 14.791114, 7.684673, 15.237760
21.600046, 9.620378, 12.899704, 4.916676, 14.856050, 7.603613, 15.351767
21.700047, 9.590901, 12.995261, 4.841450, 14.915837, 7.533625, 15.439476
21.800047, 9.560472, 13.090519, 4.755633, 14.982968, 7.455631, 15.537985
21.900047, 9.529091, 13.185468, 4.677703, 15.042178, 7.384498, 15.613581
22.000048, 9.496762, 13.280098, 4.587802, 15.108644, 7.302733, 15.708434
22.100048, 9.463489, 13.374400, 4.489930, 15.178974, 7.215624, 15.808121
22.200048, 9.429274, 13.468365, 4.401530, 15.239654, 7.119475, 15.922435
22.300049, 9.394121, 13.561982, 4.313517, 15.298398, 7.049667, 16.001398
22.400049, 9.358034, 13.655244, 4.221118, 15.358837, 6.971961, 16.088427
22.500050, 9.321016, 13.748140, 4.126189, 15.418690, 6.891397, 16.177675
22.600050, 9.283072, 13.840662, 4.030517, 15.478134, 6.813419, 16.261282
22.700050, 9.244204, 13.932799, 3.942341, 15.531724, 6.740922, 16.337748
22.800051, 9.204416, 14.024543, 3.842582, 15.590509, 6.633735, 16.450020
22.900051, 9.163713, 14.115884, 3.748697, 15.644206, 6.557008, 16.527782
23.000051, 9.122099, 14.206814, 3.658718, 15.694474, 6.488534, 16.584602
23.100052, 9.079577, 14.297323, 3.566028, 15.744520, 6.417220, 16.649584
23.200052, 9.036153, 14.387403, 3.470263, 15.794572, 6.342934, 16.716742
23.300053, 8.991830, 14.477043, 3.369819, 15.845833, 6.270110, 16.775557
23.400053, 8.946612, 14.566236, 3.278998, 15.890203, 6.199543, 16.837114
23.500053, 8.900505, 14.654973, 3.181894, 15.936373, 6.108999, 16.910315
23.600054, 8.853513, 14.743244, 3.088413, 15.979753, 6.031579, 16.976389
23.700054, 8.805640, 14.831040, 2.985957, 16.025282, 5.935777, 17.057028
23.800055, 8.756892, 14.918354, 2.886849, 16.068398, 5.841867, 17.137686
23.900055, 8.707273, 15.005176, 2.783968, 16.112173, 5.752341, 17.212564
24.000055, 8.656789, 15.091496, 2.676427, 16.156296, 5.633837, 17.303858
24.100056, 8.605444, 15.177308, 2.578231, 16.195177, 5.543880, 17.373552
24.200056, 8.553244, 15.262602, 2.477891, 16.233471, 5.449404, 17.444866
24.300056, 8.500193, 15.347370, 2.373604, 16.271944, 5.317553, 17.553305
24.400057, 8.446297, 15.431603, 2.266889, 16.310026, 5.214336, 17.629004
24.500057, 8.391562, 15.515293, 2.166179, 16.344116, 5.156432, 17.671268
24.600058, 8.335992, 15.598432, 2.075988, 16.373392, 5.081929, 17.724308
24.700058, 8.279593, 15.681010, 1.982163, 16.402657, 4.999354, 17.782040
24.800058, 8.222372, 15.763021, 1.881082, 16.432570, 4.908398, 17.843548
24.900059, 8.164333, 15.844455, 1.774779, 16.462242, 4.803924, 17.912510
25.000059, 8.105483, 15.925304, 1.670561, 16.489620, 4.705494, 17.975426
25.100060, 8.045828, 16.005562, 1.568747, 16.514458, 4.611600, 18.032824
25.200060, 7.985373, 16.085218, 1.457742, 16.540369, 4.541966, 18.067280
25.300060, 7.924124, 16.164267, 1.343060, 16.565397, 4.439087, 18.126968
25.400061, 7.862088, 16.242699, 1.242825, 16.586189, 4.343614, 18.181953
25.500061, 7.799271, 16.320507, 1.150210, 16.604158, 4.219030, 18.258282
25.600061, 7.735679, 16.397682, 1.051235, 16.621643, 4.122549, 18.313015
25.700062, 7.671318, 16.474218, 0.947793, 16.638721, 4.024337, 18.367270
25.800062, 7.606195, 16.550106, 0.844856, 16.654285, 3.926580, 18.420675
25.900063, 7.540317, 16.625340, 0.745391, 16.667948, 3.834860, 18.467621
26.000063, 7.473690, 16.699909, 0.641367, 16.680769, 3.724006, 18.522865
26.100063, 7.406320, 16.773809, 0.535617, 16.691944, 3.618679, 18.573704
26.200064, 7.338214, 16.847033, 0.434877, 16.700985, 3.523723, 18.617161
26.300064, 7.269380, 16.919571, 0.336405, 16.709146, 3.443191, 18.650076
26.400064, 7.199823, 16.991417, 0.213115, 16.718258, 3.327858, 18.699652
26.500065, 7.129552, 17.062565, 0.107213, 16.724648, 3.229934, 18.740288
26.600065, 7.058573, 17.133005, -0.000416, 16.730162, 3.023041, 18.833418
26.700066, 6.986893, 17.202734, -0.109846, 16.733662, 2.910729, 18.878584
26.800066, 6.914519, 17.271742, -0.214571, 16.735668, 2.802957, 18.920538
26.900066, 6.841459, 17.340023, -0.302624, 16.736197, 2.724547, 18.947409
27.000067, 6.767720, 17.407570, -0.405019, 16.735050, 2.629915, 18.979567
27.100067, 6.693309, 17.474375, -0.509874, 16.732512, 2.532423, 19.011086
27.200068, 6.618234, 17.540434, -0.606511, 16.728819, 2.434249, 19.039892
27.300068, 6.542502, 17.605738, -0.711228, 16.723507, 2.335360, 19.068249
27.400068, 6.466121, 17.670280, -0.809919, 16.717495, 2.262945, 19.091955
27.500069, 6.389098, 17.734056, -0.910961, 16.710041, 2.170906, 19.122013
27.600069, 6.311441, 17.797060, -1.016191, 16.701235, 2.068294, 19.154381
27.700069, 6.233158, 17.859283, -1.123422, 16.691311, 1.970760, 19.184305
27.800070, 6.154257, 17.920721, -1.217428, 16.681395, 1.883803, 19.208689
27.900070, 6.074745, 17.981367, -1.313739, 16.670462, 1.790223, 19.234913
28.000071, 5.994631, 18.041214, -1.422805, 16.656528, 1.677255, 19.264309
28.100071, 5.913922, 18.100258, -1.520839, 16.642944, 1.578242, 19.288774
28.200071, 5.832627, 18.158491, -1.626707, 16.626429, 1.412987, 19.326689
28.300072, 5.750754, 18.215908, -1.722266, 16.610062, 1.317701, 19.346321
28.400072, 5.668311, 18.272503, -1.821646, 16.591564, 1.211327, 19.366562
28.500072, 5.585305, 18.328272, -1.932938, 16.569160, 1.094304, 19.387163
28.600073, 5.501747, 18.383207, -2.041824, 16.545650, 0.959755, 19.404222
28.700073, 5.417643, 18.437305, -2.157571, 16.518827, 0.836609, 19.420275
28.800074, 5.333002, 18.490559, -2.276025, 16.488846, 0.695850, 19.435556
28.900074, 5.247833, 18.542963, -2.387029, 16.458975, 0.521202, 19.461679
29.000074, 5.162145, 18.594513, -2.488865, 16.430481, 0.411849, 19.471785
29.100075, 5.075945, 18.645205, -2.592958, 16.399761, 0.295272, 19.481316
29.200075, 4.989243, 18.695030, -2.676677, 16.374048, 0.183665, 19.489328
29.300076, 4.902046, 18.743986, -2.774798, 16.342199, 0.067835, 19.497501
29.400076, 4.814364, 18.792068, -2.883179, 16.305672, -0.054876, 19.504759
29.500076, 4.726206, 18.839272, -2.990612, 16.268501, -0.160133, 19.509596
29.600077, 4.637580, 18.885592, -3.091180, 16.232010, -0.270305, 19.514204
29.700077, 4.548496, 18.931023, -3.191730, 16.193817, -0.358203, 19.514620
29.800077, 4.458961, 18.975561, -3.292785, 16.154255, -0.439412, 19.515162
29.900078, 4.368986, 19.019201, -3.385020, 16.117260, -0.393419, 19.560450
30.000078, 4.278579, 19.061939, -3.480379, 16.077200, -0.363898, 19.600149
30.100079, 4.187749, 19.103771, -3.569269, 16.039064, -0.317290, 19.636583
30.200079, 4.096506, 19.144693, -3.674047, 15.992826, -0.291697, 19.666836
30.300079, 4.004857, 19.184700, -3.770262, 15.948618, -0.256477, 19.693462
30.400080, 3.912813, 19.223789, -3.864942, 15.904121, -0.227165, 19.715246
30.500080, 3.820383, 19.261955, -3.955855, 15.860175, -0.193285, 19.733583
30.600080, 3.727576, 19.299196, -4.043081, 15.816735, -0.153436, 19.749210
30.700081, 3.634401, 19.335506, -4.134607, 15.769869, -0.123272, 19.758448
30.800081, 3.540868, 19.370884, -4.223322, 15.722833, -0.093405, 19.763247
30.900082, 3.446985, 19.405323, -4.316023, 15.672267, -0.070659, 19.761616
31.000082, 3.352763, 19.438822, -4.406416, 15.621879, -0.039680, 19.759424
31.100082, 3.258210, 19.471376, -4.483522, 15.576698, 0.000497, 19.756195
31.200083, 3.163337, 19.502985, -4.578607, 15.519638, 0.023610, 19.741943
31.300083, 3.068153, 19.533642, -4.667630, 15.464410, 0.050587, 19.725267
31.400084, 2.972666, 19.563347, -4.759575, 15.405820, 0.070374, 19.701143
31.500084, 2.876888, 19.592094, -4.826207, 15.362290, 0.117830, 19.689968
31.600084, 2.780826, 19.619883, -4.908324, 15.307500, 0.153708, 19.668520
31.700085, 2.684492, 19.646709, -5.008150, 15.237963, 0.171645, 19.630127
31.800085, 2.587894, 19.672571, -5.092825, 15.176988, 0.204502, 19.598618
31.900085, 2.491042, 19.697466, -5.171306, 15.118959, 0.235571, 19.562357
32.000084, 2.393947, 19.721392, -5.254272, 15.055497, 0.265787, 19.521122
32.100082, 2.296617, 19.744345, -5.335815, 14.991228, 0.297794, 19.477812
32.200081, 2.199062, 19.766323, -5.411902, 14.929535, 0.333408, 19.434660
32.300079, 2.101292, 19.787325, -5.491133, 14.863070, 0.366762, 19.384468
32.400078, 2.003317, 19.807348, -5.574901, 14.791368, 0.391092, 19.320827
32.500076, 1.905147, 19.826391, -5.667166, 14.710594, 0.414319, 19.251595
32.600075, 1.806791, 19.844452, -5.737215, 14.647369, 0.454676, 19.199944
32.700073, 1.708260, 19.861526, -5.815419, 14.575793, 0.489933, 19.138683
32.800072, 1.609563, 19.877615, -5.895877, 14.500561, 0.523837, 19.072512
32.900070, 1.510710, 19.892717, -5.966579, 14.432947, 0.562965, 19.010395
33.000069, 1.411710, 19.906830, -6.036607, 14.363979, 0.605527, 18.950043
33.100067, 1.312575, 19.919950, -6.109188, 14.290588, 0.648988, 18.886591
33.200066, 1.213313, 19.932079, -6.178897, 14.218980, 0.691669, 18.819374
33.300064, 1.113935, 19.943216, -6.251033, 14.142173, 0.732532, 18.742178
33.400063, 1.014451, 19.953358, -6.330401, 14.055389, 0.773054, 18.660624
33.500061, 0.914870, 19.962505, -6.404737, 13.971732, 0.817881, 18.582096
33.600060, 0.815203, 19.970655, -6.480705, 13.883557, 0.862333, 18.495415
33.700058, 0.715459, 19.977808, -6.551975, 13.798554, 0.910333, 18.411619
33.800056, 0.615649, 19.983963, -6.614811, 13.720984, 0.964454, 18.338276
33.900055, 0.515782, 19.989120, -6.671562, 13.650089, 1.020998, 18.270983
34.000053, 0.415868, 19.993279, -6.739606, 13.562941, 1.075258, 18.186535
34.100052, 0.315918, 19.996437, -6.797740, 13.485991, 1.133915, 18.114141
34.200050, 0.215941, 19.998596, -6.862195, 13.398300, 1.192394, 18.032146
34.300049, 0.115948, 19.999756, -6.919334, 13.319014, 1.253380, 17.956860
34.400047, 0.015948, 19.999916, -6.985497, 13.225322, 1.217070, 17.842981
34.500046, -0.084048, 19.999075, -7.048749, 13.132221, 1.176405, 17.721577
34.600044, -0.184031, 19.997234, -7.110034, 13.039666, 1.137668, 17.595678
34.700043, -0.283991, 19.994394, -7.168564, 12.948879, 1.101450, 17.474243
34.800041, -0.383917, 19.990555, -7.219977, 12.866540, 1.069276, 17.371887
34.900040, -0.483800, 19.985716, -7.271228, 12.781210, 1.039540, 17.267889
35.000038, -0.583629, 19.979879, -7.331741, 12.676624, 1.012041, 17.134333
35.100037, -0.683396, 19.973043, -7.386373, 12.578386, 0.987778, 17.010273
35.200035, -0.783088, 19.965212, -7.438225, 12.482306, 0.965419, 16.883802
35.300034, -0.882698, 19.956383, -7.482735, 12.397342, 0.944434, 16.781086
35.400032, -0.982214, 19.946558, -7.531631, 12.300831, 0.926846, 16.660851
35.500031, -1.081627, 19.935740, -7.579589, 12.203023, 0.910561, 16.544992
35.600029, -1.180927, 19.923927, -7.630362, 12.095070, 0.898187, 16.418095
35.700027, -1.280104, 19.911121, -7.680925, 11.984207, 0.888081, 16.290390
35.800026, -1.379147, 19.897326, -7.727980, 11.876506, 0.880679, 16.165800
35.900024, -1.478048, 19.882540, -7.773019, 11.769692, 0.875802, 16.045382
36.000023, -1.576796, 19.866766, -7.812943, 11.671092, 0.872398, 15.932622
36.100021, -1.675382, 19.850004, -7.849090, 11.578437, 0.869244, 15.829468
36.200020, -1.773794, 19.832258, -7.884814, 11.480475, 0.870255, 15.721367
36.300018, -1.872025, 19.813530, -7.914026, 11.395154, 0.872488, 15.620695
36.400017, -1.970063, 19.793819, -7.945831, 11.298534, 0.877111, 15.517555
36.500015, -2.067899, 19.773130, -7.981335, 11.186461, 0.888217, 15.395877
36.600014, -2.165524, 19.751463, -8.013359, 11.080717, 0.899464, 15.283811
36.700012, -2.262927, 19.728821, -8.036654, 10.999768, 0.906415, 15.195106
36.800011, -2.360098, 19.705206, -8.070489, 10.876921, 0.927706, 15.061983
36.900009, -2.457029, 19.680620, -8.100820, 10.760288, 0.948888, 14.938334
37.000008, -2.553709, 19.655066, -8.122784, 10.670030, 0.966184, 14.854451
37.100006, -2.650128, 19.628546, -8.144833, 10.573233, 0.988921, 14.762595
37.200005, -2.746278, 19.601063, -8.169275, 10.460105, 1.017729, 14.657604
37.300003, -2.842147, 19.572620, -8.190418, 10.354321, 1.046321, 14.561755
37.400002, -2.937728, 19.543221, -8.209407, 10.252327, 1.076415, 14.468881
37.500000, -3.033010, 19.512867, -8.227621, 10.149369, 1.108704, 14.374938
37.599998, -3.127983, 19.481562, -8.245959, 10.037930, 1.144712, 14.275239
37.699997, -3.222639, 19.449308, -8.262104, 9.936690, 1.180142, 14.180987
37.799995, -3.316968, 19.416111, -8.277054, 9.834033, 1.217517, 14.087759
37.899994, -3.410959, 19.381971, -8.293018, 9.718653, 1.261095, 13.984380
37.999992, -3.504605, 19.346893, -8.304996, 9.621444, 1.298564, 13.899155
38.099991, -3.597896, 19.310881, -8.316754, 9.514956, 1.341183, 13.808716
38.199989, -3.690821, 19.273937, -8.327867, 9.405162, 1.386695, 13.715282
38.299988, -3.783373, 19.236067, -8.337994, 9.293345, 1.433157, 13.622500
38.399986, -3.875541, 19.197271, -8.345492, 9.196034, 1.476438, 13.539954
38.499985, -3.967316, 19.157557, -8.352480, 9.088852, 1.528691, 13.444550
38.599983, -4.058690, 19.116926, -8.358109, 8.988885, 1.574656, 13.362458
38.699982, -4.149653, 19.075384, -8.362694, 8.878595, 1.627184, 13.273533
38.799980, -4.240196, 19.032934, -8.365854, 8.761782, 1.687002, 13.178465
38.899979, -4.330310, 18.989582, -8.367183, 8.652677, 1.744564, 13.090246
38.999977, -4.419986, 18.945330, -8.367046, 8.559178, 1.797218, 13.013491
39.099976, -4.509215, 18.900183, -8.364951, 8.460331, 1.851068, 12.938835
39.199974, -4.597988, 18.854147, -8.361091, 8.350465, 1.915311, 12.853310
39.299973, -4.686296, 18.807224, -8.355353, 8.239520, 1.978415, 12.779029
39.399971, -4.774131, 18.759422, -8.348882, 8.137566, 2.036723, 12.713628
39.499969, -4.861484, 18.710743, -8.340889, 8.032972, 2.100480, 12.645227
39.599968, -4.948345, 18.661194, -8.332020, 7.936421, 2.159033, 12.586874
39.699966, -5.034706, 18.610779, -8.321753, 7.838238, 2.221809, 12.525304
39.799965, -5.120559, 18.559502, -8.307063, 7.710247, 2.309639, 12.439502
39.899963, -5.205894, 18.507368, -8.294486, 7.610323, 2.380799, 12.374791
39.999962, -5.290705, 18.454384, -8.278809, 7.501571, 2.452515, 12.313183
40.099960, -5.374981, 18.400555, -8.262852, 7.400678, 2.527293, 12.251202
40.199959, -5.458714, 18.345886, -8.246628, 7.302548, 2.597258, 12.195197
40.299957, -5.541897, 18.290382, -8.228407, 7.202341, 2.670783, 12.139185
40.399956, -5.624521, 18.234051, -8.208480, 7.100893, 2.747149, 12.083600
40.499954, -5.706577, 18.176895, -8.184941, 6.989694, 2.827844, 12.027101
40.599953, -5.788057, 18.118921, -8.160947, 6.885657, 2.909128, 11.972418
40.699951, -5.868954, 18.060135, -8.135678, 6.781739, 2.993422, 11.918690
40.799950, -5.949259, 18.000544, -8.111147, 6.684496, 3.073059, 11.868490
40.899948, -6.028964, 17.940151, -8.081625, 6.571288, 3.162851, 11.812634
40.999947, -6.108060, 17.878965, -8.059319, 6.490099, 3.228915, 11.773821
41.099945, -6.186542, 17.816992, -8.030221, 6.390123, 3.315742, 11.721567
41.199944, -6.264399, 17.754236, -7.998750, 6.287816, 3.404305, 11.668504
41.299942, -6.341625, 17.690706, -7.966913, 6.189355, 3.483641, 11.621894
41.399940, -6.418212, 17.626406, -7.934433, 6.092315, 3.563935, 11.574911
41.499939, -6.494152, 17.561344, -7.900359, 5.994433, 3.648565, 11.523768
41.599937, -6.569438, 17.495525, -7.868531, 5.906122, 3.719575, 11.480043
41.699936, -6.644062, 17.428957, -7.832006, 5.808637, 3.800420, 11.430204
41.799934, -6.718016, 17.361647, -7.798597, 5.723032, 3.875117, 11.386017
41.899933, -6.791294, 17.293600, -7.758954, 5.624078, 3.966264, 11.334074
41.999931, -6.863887, 17.224823, -7.717280, 5.523399, 4.059225, 11.278880
42.099930, -6.935789, 17.155325, -7.674223, 5.424044, 4.150973, 11.226834
42.199928, -7.006993, 17.085110, -7.630549, 5.325715, 4.251211, 11.172192
42.299927, -7.077491, 17.014187, -7.588416, 5.234215, 4.339005, 11.123652
42.399925, -7.147276, 16.942562, -7.541276, 5.135058, 4.442168, 11.068334
42.499924, -7.216341, 16.870243, -7.492516, 5.036767, 4.551658, 11.011924
42.599922, -7.284680, 16.797237, -7.449545, 4.953080, 4.648210, 10.962216
42.699921, -7.352285, 16.723553, -7.394758, 4.847897, 4.769105, 10.902794
42.799919, -7.419150, 16.649195, -7.341433, 4.748596, 4.886518, 10.844394
42.899918, -7.485269, 16.574173, -7.283759, 4.644660, 5.010448, 10.784670
42.999916, -7.550633, 16.498493, -7.229189, 4.548464, 5.126042, 10.726067
43.099915, -7.615238, 16.422163, -7.171420, 4.451110, 5.240333, 10.669177
43.199913, -7.679076, 16.345190, -7.120588, 4.368407, 5.343616, 10.615913
43.299911, -7.742141, 16.267584, -7.062330, 4.277449, 5.456215, 10.562938
43.399910, -7.804427, 16.189350, -7.004041, 4.188958, 5.564149, 10.513855
43.499908, -7.865928, 16.110498, -6.943378, 4.099158, 5.674950, 10.465531
43.599907, -7.926637, 16.031034, -6.879025, 4.005426, 5.793650, 10.418414
43.699905, -7.986548, 15.950968, -6.810957, 3.908022, 5.929619, 10.387968
43.799904, -8.045655, 15.870306, -6.750796, 3.823018, 6.047983, 10.361551
43.899902, -8.103953, 15.789058, -6.676987, 3.722559, 6.193760, 10.336816
43.999901, -8.161436, 15.707231, -6.607429, 3.630104, 6.328129, 10.315585
44.099899, -8.218098, 15.624832, -6.537402, 3.539647, 6.459141, 10.296782
44.199898, -8.273932, 15.541871, -6.468193, 3.452641, 6.584806, 10.281395
44.299896, -8.328935, 15.458356, -6.401385, 3.371458, 6.706858, 10.269233
44.399895, -8.383100, 15.374295, -6.332139, 3.288039, 6.831021, 10.258666
44.499893, -8.436420, 15.289697, -6.264434, 3.208807, 6.953057, 10.250692
44.599892, -8.488893, 15.204570, -6.200316, 3.135492, 7.070888, 10.244614
44.699890, -8.540511, 15.118922, -6.129070, 3.056417, 7.186388, 10.241487
44.799889, -8.591270, 15.032763, -6.063416, 2.985015, 7.300977, 10.240068
44.899887, -8.641166, 14.946099, -5.988183, 2.905195, 7.426023, 10.241914
44.999886, -8.690192, 14.858942, -5.911577, 2.826476, 7.547165, 10.246324
45.099884, -8.738344, 14.771298, -5.845125, 2.760730, 7.654520, 10.251987
45.199883, -8.785618, 14.683178, -5.753501, 2.672689, 7.789251, 10.266747
45.299881, -8.832007, 14.594589, -5.663704, 2.588780, 7.921888, 10.283560
45.399879, -8.877509, 14.505541, -5.587307, 2.519842, 8.029232, 10.297116
45.499878, -8.922118, 14.416042, -5.497318, 2.440578, 8.159637, 10.319739
45.599876, -8.965830, 14.326102, -5.417408, 2.372155, 8.274112, 10.341474
45.699875, -9.008640, 14.235729, -5.339260, 2.306590, 8.382069, 10.362741
45.799873, -9.050545, 14.144933, -5.251158, 2.234963, 8.502493, 10.392183
45.899872, -9.091539, 14.053721, -5.180643, 2.179645, 8.596990, 10.413645
45.999870, -9.131619, 13.962105, -5.099969, 2.117330, 8.707092, 10.443560
46.099869, -9.170781, 13.870092, -5.028803, 2.063588, 8.810651, 10.472751
46.199867, -9.209022, 13.777693, -4.947603, 2.003481, 8.919852, 10.507701
46.299866, -9.246336, 13.684916, -4.863314, 1.942310, 9.026983, 10.543719
46.399864, -9.282721, 13.591769, -4.782398, 1.885245, 9.129962, 10.580803
46.499863, -9.318172, 13.498264, -4.703071, 1.830350, 9.224490, 10.616339
46.599861, -9.352686, 13.404409, -4.622104, 1.775222, 9.322575, 10.655412
46.699860, -9.386260, 13.310214, -4.520435, 1.708458, 9.439423, 10.709328
46.799858, -9.418891, 13.215688, -4.428029, 1.649487, 9.543561, 10.758685
46.899857, -9.450575, 13.120840, -4.347022, 1.598785, 9.635003, 10.804108
46.999855, -9.481309, 13.025680, -4.252110, 1.540905, 9.740558, 10.860259
47.099854, -9.511089, 12.930217, -4.162515, 1.488032, 9.833779, 10.911617
47.199852, -9.539914, 12.834461, -4.062088, 1.430215, 9.941473, 10.977153
47.299850, -9.567780, 12.738422, -3.971967, 1.379936, 10.034912, 11.036079
47.399849, -9.594684, 12.642110, -3.897699, 1.340459, 10.107074, 11.081002
47.499847, -9.620623, 12.545532, -3.818406, 1.299603, 10.191827, 11.139044
47.599846, -9.645595, 12.448701, -3.727099, 1.253943, 10.283331, 11.206427
47.699844, -9.669598, 12.351624, -3.637822, 1.210505, 10.366939, 11.270702
47.799843, -9.692628, 12.254313, -3.548219, 1.168514, 10.449042, 11.337214
47.899841, -9.714684, 12.156775, -3.443571, 1.121611, 10.543630, 11.420059
47.999840, -9.735765, 12.059023, -3.357773, 1.084529, 10.620357, 11.488214
48.099838, -9.755866, 11.961064, -3.276958, 1.050615, 10.694942, 11.557782
48.199837, -9.774987, 11.862909, -3.180129, 1.011444, 10.774763, 11.636182
48.299835, -9.793125, 11.764568, -3.073006, 0.969867, 10.858366, 11.724174
48.399834, -9.810279, 11.666051, -2.996025, 0.941054, 10.915248, 11.782764
48.499832, -9.826447, 11.567367, -2.890876, 0.903367, 10.988377, 11.866365
48.599831, -9.841627, 11.468526, -2.784578, 0.866981, 11.062295, 11.955101
48.699829, -9.855819, 11.369538, -2.664127, 0.827815, 11.142363, 12.057317
48.799828, -9.869020, 11.270413, -2.562409, 0.796154, 11.210425, 12.147672
48.899826, -9.881228, 11.171162, -2.456891, 0.764761, 11.279882, 12.244180
48.999825, -9.892444, 11.071793, -2.346711, 0.733390, 11.348993, 12.345082
49.099823, -9.902665, 10.972317, -2.241990, 0.704648, 11.411141, 12.438743
49.199821, -9.911891, 10.872744, -2.143586, 0.678999, 11.466874, 12.527458
49.299820, -9.920121, 10.773083, -2.023700, 0.648597, 11.531590, 12.635630
49.399818, -9.927354, 10.673345, -1.933881, 0.626855, 11.580818, 12.721703
49.499817, -9.933589, 10.573539, -1.833169, 0.603032, 11.633616, 12.816946
49.599815, -9.938826, 10.473676, -1.730183, 0.580441, 11.684030, 12.914964
49.699814, -9.943064, 10.373766, -1.626293, 0.559399, 11.732219, 13.015806
49.799812, -9.946302, 10.273818, -1.523964, 0.540067, 11.779802, 13.119711
49.899811, -9.948542, 10.173843, -1.425077, 0.522765, 11.822009, 13.220527
49.999809, -9.949780, 10.073851, -1.315914, 0.504824, 11.867837, 13.335059
50.099808, -9.950020, 9.973851, -1.213916, 0.489301, 11.905632, 13.436419
